{"name":"e1ffd4df-97a9-453c-8d67-71d16c7d0470","id":"/providers/Microsoft.Flow/flows/e1ffd4df-97a9-453c-8d67-71d16c7d0470","type":"Microsoft.Flow/flows","properties":{"apiId":"/providers/Microsoft.PowerApps/apis/shared_logicflows","displayName":"Invoice recognizer","definition":{"metadata":{"workflowEntityId":null,"flowclientsuspensionreason":"None","flowclientsuspensiontime":null,"creator":{"id":"925c608f-ce29-4bed-8561-b94b148352bb","type":"User","tenantId":"fd037fe3-7027-49ab-9f4b-7a41e58066e9"},"provisioningMethod":"FromDefinition","failureAlertSubscription":true,"clientLastModifiedTime":"2020-11-13T23:00:39.6872593Z"},"$schema":"https://schema.management.azure.com/providers/Microsoft.Logic/schemas/2016-06-01/workflowdefinition.json#","contentVersion":"1.0.0.0","parameters":{"$connections":{"defaultValue":{},"type":"Object"},"$authentication":{"defaultValue":{},"type":"SecureObject"},"cdsruntimecertificate":{"type":"String"},"cdsruntimecertificatepassword":{"type":"SecureString"}},"triggers":{"When_a_file_is_created_in_a_folder":{"recurrence":{"frequency":"Minute","interval":3},"metadata":{"%252fInvoices":"/Invoices"},"type":"OpenApiConnection","inputs":{"host":{"apiId":"/providers/Microsoft.PowerApps/apis/shared_sharepointonline","connectionName":"shared_sharepointonline","operationId":"OnNewFile"},"parameters":{"dataset":"https://ampicurrents.sharepoint.com/","folderId":"%252fInvoices","inferContentType":true},"authentication":"@parameters('$authentication')"}}},"actions":{"Process_and_save_information_from_forms":{"runAfter":{},"metadata":{"flowSystemMetadata":{"portalOperationId":"aibuilderpredict_formsprocessing","portalOperationGroup":"aibuilder","portalOperationApiDisplayNameOverride":"AI Builder","portalOperationIconOverride":"https://psuxemea.azureedge.net/Content/Images/DesignerOperations/aiBuilder.png","portalOperationBrandColorOverride":"#742775"}},"type":"OpenApiConnection","inputs":{"host":{"apiId":"/providers/Microsoft.PowerApps/apis/shared_commondataserviceforapps","connectionName":"shared_commondataserviceforapps","operationId":"aibuilderpredict_formsprocessing"},"parameters":{"recordId":"16159794-3037-4b0f-a935-c866ca8ee02c","item/requestv2/mimeType":"application/pdf","item/requestv2/base64Encoded":"@triggerOutputs()?['body']"},"authentication":"@parameters('$authentication')"}},"Update_file_properties":{"runAfter":{"Get_file_metadata_using_path":["Succeeded"]},"type":"OpenApiConnection","inputs":{"host":{"apiId":"/providers/Microsoft.PowerApps/apis/shared_sharepointonline","connectionName":"shared_sharepointonline","operationId":"PatchFileItem"},"parameters":{"dataset":"https://ampicurrents.sharepoint.com/","table":"229801a3-335c-43e0-8616-daada5fc1c6a","id":"@outputs('Get_file_metadata_using_path')?['body/ItemId']","item/Invoicenumber":"@outputs('Process_and_save_information_from_forms')?['body/responsev2/predictionOutput/labels/Invoice_85149f36226f35d3c565e5f0daa1f797/value']","item/Customername":"@outputs('Process_and_save_information_from_forms')?['body/responsev2/predictionOutput/labels/Customer560fe7530e9ce6985daee888de3c504d/value']","item/Invoicedate":"@formatDateTime(outputs('Process_and_save_information_from_forms')?['body/responsev2/predictionOutput/labels/Invoice_2d2b151ab11da7f1fe4e154b2d3d7d6d/value'], 'MMM dd yyyy')","item/Department":"@outputs('Process_and_save_information_from_forms')?['body/responsev2/predictionOutput/labels/Department/value']","item/Amount":"@replace(outputs('Process_and_save_information_from_forms')?['body/responsev2/predictionOutput/labels/Amount/value'], '$', '')","item/Status/Value":"Pending Approval"},"authentication":"@parameters('$authentication')"}},"Start_and_wait_for_an_approval":{"runAfter":{"Create_sharing_link_for_a_file_or_folder":["Succeeded"]},"type":"OpenApiConnectionWebhook","inputs":{"host":{"apiId":"/providers/Microsoft.PowerApps/apis/shared_approvals","connectionName":"shared_approvals","operationId":"StartAndWaitForAnApproval"},"parameters":{"approvalType":"Basic","WebhookApprovalCreationInput/title":"Invoice approval request","WebhookApprovalCreationInput/assignedTo":"admin@ampicurrents.onmicrosoft.com;","WebhookApprovalCreationInput/details":"# Invoice approval\n\nInvoice: @{outputs('Process_and_save_information_from_forms')?['body/responsev2/predictionOutput/labels/Invoice_85149f36226f35d3c565e5f0daa1f797/value']}\nCustomer name: @{outputs('Process_and_save_information_from_forms')?['body/responsev2/predictionOutput/labels/Customer560fe7530e9ce6985daee888de3c504d/value']}\nDate: @{formatDateTime(outputs('Process_and_save_information_from_forms')?['body/responsev2/predictionOutput/labels/Invoice_2d2b151ab11da7f1fe4e154b2d3d7d6d/value'], 'MMM dd yyyy')}\n\nAmount: **@{outputs('Process_and_save_information_from_forms')?['body/responsev2/predictionOutput/labels/Amount/value']}**\n\n[Click here to open the invoice](@{outputs('Create_sharing_link_for_a_file_or_folder')?['body/link/webUrl']})","WebhookApprovalCreationInput/enableNotifications":true,"WebhookApprovalCreationInput/enableReassignment":true},"authentication":"@parameters('$authentication')"}},"Create_sharing_link_for_a_file_or_folder":{"runAfter":{"Update_file_properties":["Succeeded"]},"type":"OpenApiConnection","inputs":{"host":{"apiId":"/providers/Microsoft.PowerApps/apis/shared_sharepointonline","connectionName":"shared_sharepointonline","operationId":"CreateSharingLink"},"parameters":{"dataset":"https://ampicurrents.sharepoint.com/","table":"229801a3-335c-43e0-8616-daada5fc1c6a","id":"@outputs('Get_file_metadata_using_path')?['body/ItemId']","permission/type":"view","permission/scope":"organization"},"authentication":"@parameters('$authentication')"}},"Update_file_properties_on_response":{"runAfter":{"Start_and_wait_for_an_approval":["Succeeded"]},"type":"OpenApiConnection","inputs":{"host":{"apiId":"/providers/Microsoft.PowerApps/apis/shared_sharepointonline","connectionName":"shared_sharepointonline","operationId":"PatchFileItem"},"parameters":{"dataset":"https://ampicurrents.sharepoint.com/","table":"229801a3-335c-43e0-8616-daada5fc1c6a","id":"@outputs('Get_file_metadata_using_path')?['body/ItemId']","item/Invoicenumber":"@outputs('Process_and_save_information_from_forms')?['body/responsev2/predictionOutput/labels/Invoice_85149f36226f35d3c565e5f0daa1f797/value']","item/Customername":"@outputs('Process_and_save_information_from_forms')?['body/responsev2/predictionOutput/labels/Customer560fe7530e9ce6985daee888de3c504d/value']","item/Invoicedate":"@formatDateTime(outputs('Process_and_save_information_from_forms')?['body/responsev2/predictionOutput/labels/Invoice_2d2b151ab11da7f1fe4e154b2d3d7d6d/value'], 'MMM dd yyyy')","item/Department":"@outputs('Process_and_save_information_from_forms')?['body/responsev2/predictionOutput/labels/Department/value']","item/Amount":"@replace(outputs('Process_and_save_information_from_forms')?['body/responsev2/predictionOutput/labels/Amount/value'], '$', '')","item/Status/Value":"@if(equals(outputs('Start_and_wait_for_an_approval')?['body/outcome'], 'Approve'), 'Approved', 'Rejected')","item/Comments":"@first(outputs('Start_and_wait_for_an_approval')?['body']?['responses'])?['comments']"},"authentication":"@parameters('$authentication')"}},"Get_file_metadata_using_path":{"runAfter":{"Process_and_save_information_from_forms":["Succeeded"]},"type":"OpenApiConnection","inputs":{"host":{"apiId":"/providers/Microsoft.PowerApps/apis/shared_sharepointonline","connectionName":"shared_sharepointonline","operationId":"GetFileMetadataByPath"},"parameters":{"dataset":"https://ampicurrents.sharepoint.com/","path":"@base64ToString(triggerOutputs()?['headers/x-ms-file-path-encoded'])"},"authentication":"@parameters('$authentication')"}}}},"connectionReferences":{"shared_commondataserviceforapps":{"connectionName":"shared-commondataser-e5a6f652-de66-4921-bb2b-5f32a5df357a","source":"Embedded","id":"/providers/Microsoft.PowerApps/apis/shared_commondataserviceforapps","tier":"NotSpecified"},"shared_sharepointonline":{"connectionName":"8e670b69ac2944219ec1ab34712a06fd","source":"Embedded","id":"/providers/Microsoft.PowerApps/apis/shared_sharepointonline","tier":"NotSpecified"},"shared_approvals":{"connectionName":"shared-approvals-5793865d-745f-4846-926f-e7f2-fa5b7249","source":"Embedded","id":"/providers/Microsoft.PowerApps/apis/shared_approvals","tier":"NotSpecified"}},"flowFailureAlertSubscribed":false}}