{"schemaVersion":"1.0","appDefinitionTemplate":{"id":"/providers/Microsoft.PowerApps/apps/","type":"Microsoft.PowerApps/apps","tags":{"primaryDeviceWidth":"1366","primaryDeviceHeight":"768","sienaVersion":"20201212T140540Z-3.20114.21.0","deviceCapabilities":"","supportsPortrait":"false","supportsLandscape":"true","primaryFormFactor":"Tablet","publisherVersion":"3.20114.21","minimumRequiredApiVersion":"2.2.0","hasComponent":"false","hasUnlockedComponent":"false","isUnifiedRootApp":"false"},"properties":{"appVersion":"2020-12-12T14:05:40Z","lifeCycleId":"Published","createdByClientVersion":{"major":3,"minor":20114,"build":21,"revision":0,"majorRevision":0,"minorRevision":0},"minClientVersion":{"major":3,"minor":20114,"build":21,"revision":0,"majorRevision":0,"minorRevision":0},"backgroundColor":"rgba(165, 34, 55, 1)","backgroundImageUri":"/3905904926219309944/N9f66dbeb-57de-49e2-81ff-bc5094188a82-logoSmallFile","displayName":"SVG Demo","description":"","commitMessage":"","appUris":{"documentUri":{"value":"/3905904926219309944/Na1a66a31-784b-4197-a0b8-11f8a97bec6a-document.msapp"},"imageUris":[]},"createdTime":"0001-01-01T00:00:00Z","lastModifiedTime":"0001-01-01T00:00:00Z","sharedGroupsCount":0,"sharedUsersCount":0,"icons":{"smallIconUri":"/3905904926219309944/Ncd1aa63d-241a-4437-bf62-756cb6f3ec6c-small.png","mediumIconUri":"/3905904926219309944/N59fa7e7e-08c2-4447-ab44-c215893d5f9b-medium.png","largeIconUri":"/3905904926219309944/N734f8ec2-aeba-4e72-b1a8-ed1ecf2adad0-large.png","wideIconUri":"/3905904926219309944/N07c6cb4d-478f-45b3-b9f6-39e5f266bda2-wide.png"},"connectionReferences":{},"databaseReferences":{},"almMode":"Environment","performanceOptimizationEnabled":true,"canConsumeAppPass":true,"executionRestrictions":{"isTeamsOnly":false,"dataLossPreventionEvaluationResult":{"status":"Compliant","lastEvaluationDate":"2020-12-10T23:43:35.6903387Z","violationDetails":[]}}},"isAppComponentLibrary":false,"appType":"ClassicCanvasApp","appComponents":[]}}