{"schemaVersion":"1.0","appDefinitionTemplate":{"id":"/providers/Microsoft.PowerApps/apps/","type":"Microsoft.PowerApps/apps","tags":{"primaryDeviceWidth":"640","primaryDeviceHeight":"1136","sienaVersion":"20200914T191000Z-3.20085.19.0","deviceCapabilities":"","supportsPortrait":"true","supportsLandscape":"false","primaryFormFactor":"Phone","publisherVersion":"3.20085.19","minimumRequiredApiVersion":"2.2.0","hasComponent":"true","hasUnlockedComponent":"true","isUnifiedRootApp":"false"},"properties":{"appVersion":"2020-09-14T19:10:00Z","lifeCycleId":"Published","createdByClientVersion":{"major":3,"minor":20085,"build":19,"revision":0,"majorRevision":0,"minorRevision":0},"minClientVersion":{"major":3,"minor":20085,"build":19,"revision":0,"majorRevision":0,"minorRevision":0},"backgroundColor":"rgba(1, 131, 134, 1)","backgroundImageUri":"/17700657045995261009/N1608e0eb-77bd-4af3-967e-293059685f22-logoSmallFile","displayName":"PowerComponents","description":"","commitMessage":"","appUris":{"documentUri":{"value":"/17700657045995261009/N2570a887-77e7-4313-a722-111f53bc472e-document.msapp","readonlyValue":"/17700657045995261009/N2570a887-77e7-4313-a722-111f53bc472e-document.msapp"},"imageUris":[]},"createdTime":"0001-01-01T00:00:00Z","lastModifiedTime":"0001-01-01T00:00:00Z","sharedGroupsCount":0,"sharedUsersCount":0,"icons":{"smallIconUri":"/17700657045995261009/N8656c26f-574a-4f0a-8d46-4752bebbec0d-small.png","mediumIconUri":"/17700657045995261009/N29d85286-5895-48dc-9c88-352dc68c6c51-medium.png","largeIconUri":"/17700657045995261009/N7e132d67-a700-44d9-8474-d5e9491ce7d1-large.png","wideIconUri":"/17700657045995261009/N5c57b0e1-ab41-4991-a1ca-17911cea9d2b-wide.png"},"connectionReferences":{},"databaseReferences":{},"almMode":"Environment","performanceOptimizationEnabled":true,"canConsumeAppPass":true},"isAppComponentLibrary":false,"appType":"ClassicCanvasApp","appComponents":[]}}