{"schemaVersion":"1.0","appDefinitionTemplate":{"id":"/providers/Microsoft.PowerApps/apps/","type":"Microsoft.PowerApps/apps","tags":{"primaryDeviceWidth":"640","primaryDeviceHeight":"1136","sienaVersion":"20200916T215941Z-3.20085.22.0","deviceCapabilities":"","supportsPortrait":"true","supportsLandscape":"false","primaryFormFactor":"Phone","publisherVersion":"3.20085.22","minimumRequiredApiVersion":"2.2.0","hasComponent":"true","hasUnlockedComponent":"true","isUnifiedRootApp":"false"},"properties":{"appVersion":"2020-09-16T21:59:41Z","lifeCycleId":"Published","createdByClientVersion":{"major":3,"minor":20085,"build":22,"revision":0,"majorRevision":0,"minorRevision":0},"minClientVersion":{"major":3,"minor":20085,"build":22,"revision":0,"majorRevision":0,"minorRevision":0},"backgroundColor":"rgba(208, 52, 56, 1)","backgroundImageUri":"/3702002284652261140/Ncda07b86-935c-40ed-be02-fb6b7e5825ea-logoSmallFile","displayName":"PowerTemplate","description":"","commitMessage":"","appUris":{"documentUri":{"value":"/3702002284652261140/N4915c51e-f584-4112-8373-85e3bfaeffa8-document.msapp","readonlyValue":"/3702002284652261140/N4915c51e-f584-4112-8373-85e3bfaeffa8-document.msapp"},"imageUris":[]},"createdTime":"0001-01-01T00:00:00Z","lastModifiedTime":"0001-01-01T00:00:00Z","sharedGroupsCount":0,"sharedUsersCount":0,"icons":{"smallIconUri":"/3702002284652261140/Nca05812f-a04a-4854-bb3c-4461263580a6-small.png","mediumIconUri":"/3702002284652261140/N365f5dc0-19cc-428a-aefc-6a693b766d5d-medium.png","largeIconUri":"/3702002284652261140/N532b4f29-58cc-4dec-9ae3-f3425dceb788-large.png","wideIconUri":"/3702002284652261140/N6fc9f846-6021-4adb-9355-64cc934301b7-wide.png"},"connectionReferences":{},"databaseReferences":{},"almMode":"Environment","performanceOptimizationEnabled":true,"canConsumeAppPass":true},"isAppComponentLibrary":false,"appType":"ClassicCanvasApp","appComponents":[]}}