{"properties":{"connectionReferences":{"shared_sharepointonline":{"runtimeSource":"embedded","connection":{},"api":{"name":"shared_sharepointonline"}}},"definition":{"$schema":"https://schema.management.azure.com/providers/Microsoft.Logic/schemas/2016-06-01/workflowdefinition.json#","contentVersion":"1.0.0.0","parameters":{"$connections":{"defaultValue":{},"type":"Object"},"$authentication":{"defaultValue":{},"type":"SecureObject"}},"triggers":{"manual":{"type":"Request","kind":"Http","inputs":{"schema":{}}}},"actions":{"Get_items":{"runAfter":{},"type":"OpenApiConnection","inputs":{"host":{"connectionName":"shared_sharepointonline","operationId":"GetItems","apiId":"/providers/Microsoft.PowerApps/apis/shared_sharepointonline"},"parameters":{"dataset":"https://ampicurrents.sharepoint.com/","table":"f7b36715-d9b6-40ee-aaeb-89efd927a0a3"},"authentication":"@parameters('$authentication')"}},"Apply_to_each":{"foreach":"@outputs('Get_items')?['body/value']","actions":{"Run_a_Child_Flow":{"runAfter":{},"type":"Workflow","inputs":{"host":{"workflowReferenceName":"0cd163fe-66ec-ea11-a817-000d3ab7543e"},"body":{"email":"@items('Apply_to_each')?['Email']"}}}},"runAfter":{"Get_items":["Succeeded"]},"type":"Foreach"}},"outputs":{}}},"schemaVersion":"1.0.0.0"}