{"schemaVersion":"1.0","appDefinitionTemplate":{"id":"/providers/Microsoft.PowerApps/apps/","type":"Microsoft.PowerApps/apps","tags":{"primaryDeviceWidth":"640","primaryDeviceHeight":"1136","sienaVersion":"20200917T205633Z-3.20085.22.0","deviceCapabilities":"","supportsPortrait":"true","supportsLandscape":"false","primaryFormFactor":"Phone","publisherVersion":"3.20085.22","minimumRequiredApiVersion":"2.2.0","hasComponent":"true","hasUnlockedComponent":"false","isUnifiedRootApp":"false"},"properties":{"appVersion":"2020-09-17T20:56:33Z","lifeCycleId":"Published","createdByClientVersion":{"major":3,"minor":20085,"build":22,"revision":0,"majorRevision":0,"minorRevision":0},"minClientVersion":{"major":3,"minor":20085,"build":22,"revision":0,"majorRevision":0,"minorRevision":0},"backgroundColor":"rgba(0, 176, 240, 1)","backgroundImageUri":"/604273683714664144/N72b7525e-c4e3-477a-b298-ade3d8bbdc3f-logoSmallFile","displayName":"Component Library test","description":"","commitMessage":"","appUris":{"documentUri":{"value":"/604273683714664144/Nf2ba8918-b2fb-4172-8db4-a918a5cfb0c0-document.msapp","readonlyValue":"/604273683714664144/Nf2ba8918-b2fb-4172-8db4-a918a5cfb0c0-document.msapp"},"imageUris":[]},"createdTime":"0001-01-01T00:00:00Z","lastModifiedTime":"0001-01-01T00:00:00Z","sharedGroupsCount":0,"sharedUsersCount":0,"icons":{"smallIconUri":"/604273683714664144/Na135a62c-dd59-48eb-9d6d-2433332877c1-small.png","mediumIconUri":"/604273683714664144/Ncfd4fe62-ed6c-4b84-ab73-5b90e1c73a32-medium.png","largeIconUri":"/604273683714664144/Nbc9292b2-3d5c-4173-a426-863d88c4a10e-large.png","wideIconUri":"/604273683714664144/Nf2791452-16c0-4124-bf38-89cb3f9481df-wide.png"},"connectionReferences":{},"databaseReferences":{},"almMode":"Environment","performanceOptimizationEnabled":true,"canConsumeAppPass":true},"isAppComponentLibrary":false,"appType":"ClassicCanvasApp","appComponents":[]}}