{"schemaVersion":"1.0","appDefinitionTemplate":{"id":"/providers/Microsoft.PowerApps/apps/","type":"Microsoft.PowerApps/apps","tags":{"primaryDeviceWidth":"1366","primaryDeviceHeight":"768","sienaVersion":"20201213T231247Z-3.20114.21.0","deviceCapabilities":"","supportsPortrait":"false","supportsLandscape":"true","primaryFormFactor":"Tablet","publisherVersion":"3.20114.21","minimumRequiredApiVersion":"2.2.0","hasComponent":"false","hasUnlockedComponent":"false","isUnifiedRootApp":"false"},"properties":{"appVersion":"2020-12-13T23:12:47Z","lifeCycleId":"Published","createdByClientVersion":{"major":3,"minor":20114,"build":21,"revision":0,"majorRevision":0,"minorRevision":0},"minClientVersion":{"major":3,"minor":20114,"build":21,"revision":0,"majorRevision":0,"minorRevision":0},"backgroundColor":"rgba(0, 176, 240, 1)","backgroundImageUri":"/8621172035874757436/Nfad3babc-171e-4f32-a001-9b5f19a23b4a-logoSmallFile","displayName":"Power Apps Homepage","description":"","commitMessage":"","appUris":{"documentUri":{"value":"/8621172035874757436/Nb30e6b87-b397-4b1e-9f1f-28ea593c28ff-document.msapp"},"imageUris":[]},"createdTime":"0001-01-01T00:00:00Z","lastModifiedTime":"0001-01-01T00:00:00Z","sharedGroupsCount":0,"sharedUsersCount":0,"icons":{"smallIconUri":"/8621172035874757436/N2ea3d46b-9552-44c3-a795-8a342dbfac4a-small.png","mediumIconUri":"/8621172035874757436/N108ef044-e540-4889-9c8e-cf18a46c1bf1-medium.png","largeIconUri":"/8621172035874757436/N32ae1e64-eab0-43ed-a13f-058c74dcc16b-large.png","wideIconUri":"/8621172035874757436/Nac1bfd6d-c1d9-4ada-b73c-af2d6c185505-wide.png"},"connectionReferences":{},"databaseReferences":{},"almMode":"Environment","performanceOptimizationEnabled":true,"canConsumeAppPass":true,"executionRestrictions":{"isTeamsOnly":false,"dataLossPreventionEvaluationResult":{"status":"Compliant","lastEvaluationDate":"2020-12-13T22:53:31.4682602Z","violationDetails":[]}}},"isAppComponentLibrary":false,"appType":"ClassicCanvasApp","appComponents":[]}}