{"schemaVersion":"1.0","appDefinitionTemplate":{"id":"/providers/Microsoft.PowerApps/apps/","type":"Microsoft.PowerApps/apps","tags":{"sp-site-id":"https://ampicurrents.sharepoint.com","sp-list-id":"f7b36715-d9b6-40ee-aaeb-89efd927a0a3","https://ampicurrents.sharepoint.com":"f7b36715-d9b6-40ee-aaeb-89efd927a0a3","primaryDeviceWidth":"640","primaryDeviceHeight":"1136","sienaVersion":"20200927T222143Z-3.20092.39.0","deviceCapabilities":"","supportsPortrait":"true","supportsLandscape":"false","primaryFormFactor":"Phone","publisherVersion":"3.20092.39","minimumRequiredApiVersion":"2.2.0","hasComponent":"false","hasUnlockedComponent":"false","isUnifiedRootApp":"false"},"properties":{"appVersion":"2020-09-27T22:21:43Z","lifeCycleId":"Published","createdByClientVersion":{"major":3,"minor":20092,"build":39,"revision":0,"majorRevision":0,"minorRevision":0},"minClientVersion":{"major":3,"minor":20092,"build":39,"revision":0,"majorRevision":0,"minorRevision":0},"backgroundColor":"rgba(0, 176, 240, 1)","backgroundImageUri":"/14593751466126315869/N2332c5ea-7309-4777-8694-96a0b1c1bc32-logoSmallFile","displayName":"Marketing app","description":"","commitMessage":"","appUris":{"documentUri":{"value":"/14593751466126315869/N8554508b-b114-45f8-b09e-54e20e67d7a5-document.msapp","readonlyValue":"/14593751466126315869/N8554508b-b114-45f8-b09e-54e20e67d7a5-document.msapp"},"imageUris":[]},"createdTime":"0001-01-01T00:00:00Z","lastModifiedTime":"0001-01-01T00:00:00Z","sharedGroupsCount":0,"sharedUsersCount":0,"icons":{"smallIconUri":"/14593751466126315869/N8cfbc92a-7781-4966-ab82-72690722236a-small.png","mediumIconUri":"/14593751466126315869/Nbccce5fc-7863-44ad-b2b0-acd00a247c74-medium.png","largeIconUri":"/14593751466126315869/N8dd851cd-e0de-42e9-b8e6-cc5e85f5418a-large.png","wideIconUri":"/14593751466126315869/Ne3f3aead-f531-4365-ad4a-100eb6a0c7c4-wide.png"},"connectionReferences":{"99f5f675-bcd4-4876-8d16-3fd04ff8f266":{"id":"68b4cdd3-82cd-4dae-a456-87872f0b4ebe","displayName":"SharePoint","iconUri":"https://connectoricons-prod.azureedge.net/releases/v1.0.1398/1.0.1398.2149/sharepointonline/icon.png","dataSources":["Marketing Emails"],"dependencies":[],"dependents":[],"parameterHints":{},"isOnPremiseConnection":false,"dataSets":{"https://ampicurrents.sharepoint.com":{"dataSources":{"Marketing Emails":{"tableName":"f7b36715-d9b6-40ee-aaeb-89efd927a0a3"}}}},"apiTier":"Standard","isCustomApiConnection":false}},"databaseReferences":{},"almMode":"Environment","performanceOptimizationEnabled":true,"canConsumeAppPass":true},"isAppComponentLibrary":false,"appType":"ClassicCanvasApp","appComponents":[]}}