{"schemaVersion":"1.0","appDefinitionTemplate":{"id":"/providers/Microsoft.PowerApps/apps/","type":"Microsoft.PowerApps/apps","tags":{"primaryDeviceWidth":"1366","primaryDeviceHeight":"768","sienaVersion":"20201224T004200Z-3.20114.22.0","deviceCapabilities":"","supportsPortrait":"false","supportsLandscape":"true","primaryFormFactor":"Tablet","publisherVersion":"3.20114.22","minimumRequiredApiVersion":"2.2.0","hasComponent":"false","hasUnlockedComponent":"false","isUnifiedRootApp":"false"},"properties":{"appVersion":"2020-12-24T00:42:00Z","lifeCycleId":"Published","createdByClientVersion":{"major":3,"minor":20114,"build":22,"revision":0,"majorRevision":0,"minorRevision":0},"minClientVersion":{"major":3,"minor":20114,"build":22,"revision":0,"majorRevision":0,"minorRevision":0},"backgroundColor":"rgba(165, 34, 55, 1)","backgroundImageUri":"/4878509051609156675/N4d10ff4f-5173-4544-9d5a-c320a03d8511-logoSmallFile","displayName":"Font Awesome Test","description":"","commitMessage":"","appUris":{"documentUri":{"value":"/4878509051609156675/N3f98e25a-73e8-4bc0-be81-ef410c3ab191-document.msapp"},"imageUris":[]},"createdTime":"0001-01-01T00:00:00Z","lastModifiedTime":"0001-01-01T00:00:00Z","sharedGroupsCount":0,"sharedUsersCount":0,"icons":{"smallIconUri":"/4878509051609156675/Ne289cde4-2d31-44b2-9e91-beece8c5cfd0-small.png","mediumIconUri":"/4878509051609156675/N490b01fd-36e6-480d-b2c4-e4c6aa4b2a78-medium.png","largeIconUri":"/4878509051609156675/Nd4d0bd32-f793-4750-b45c-caa343e70401-large.png","wideIconUri":"/4878509051609156675/Nb9fa2beb-24ca-4e15-9395-747e5febc603-wide.png"},"connectionReferences":{},"databaseReferences":{},"almMode":"Environment","performanceOptimizationEnabled":true,"canConsumeAppPass":true,"executionRestrictions":{"isTeamsOnly":false,"dataLossPreventionEvaluationResult":{"status":"Compliant","lastEvaluationDate":"2020-12-24T00:33:16.4048773Z","violationDetails":[]}}},"isAppComponentLibrary":false,"appType":"ClassicCanvasApp","appComponents":[]}}