{"schemaVersion":"1.0","appDefinitionTemplate":{"id":"/providers/Microsoft.PowerApps/apps/","type":"Microsoft.PowerApps/apps","tags":{"primaryDeviceWidth":"640","primaryDeviceHeight":"1136","sienaVersion":"20200917T234849Z-3.20081.26.0","deviceCapabilities":"","supportsPortrait":"true","supportsLandscape":"false","primaryFormFactor":"Phone","publisherVersion":"3.20081.26","minimumRequiredApiVersion":"2.2.0","hasComponent":"false","hasUnlockedComponent":"false","isUnifiedRootApp":"false"},"properties":{"appVersion":"2020-09-17T23:48:49Z","lifeCycleId":"Published","createdByClientVersion":{"major":3,"minor":20081,"build":26,"revision":0,"majorRevision":0,"minorRevision":0},"minClientVersion":{"major":3,"minor":20081,"build":26,"revision":0,"majorRevision":0,"minorRevision":0},"backgroundColor":"rgba(0, 176, 240, 1)","backgroundImageUri":"/8078582201885112147/N9f48d3b3-d273-48a0-9d95-a00ceab489c2-logoSmallFile","displayName":"Accuweather Custom Connector","description":"","commitMessage":"","appUris":{"documentUri":{"value":"/8078582201885112147/N2472a6ce-d32c-4e8c-87d7-5cff04ca35f6-document.msapp","readonlyValue":"/8078582201885112147/N2472a6ce-d32c-4e8c-87d7-5cff04ca35f6-document.msapp"},"imageUris":[]},"createdTime":"0001-01-01T00:00:00Z","lastModifiedTime":"0001-01-01T00:00:00Z","sharedGroupsCount":0,"sharedUsersCount":0,"icons":{"smallIconUri":"/8078582201885112147/N75654d03-589f-41c7-b4a6-9f2e832f3bf2-small.png","mediumIconUri":"/8078582201885112147/N9c0198ec-829b-443a-8ea5-2b44e53f6fde-medium.png","largeIconUri":"/8078582201885112147/N232d3d07-e504-49cf-a21b-69e3d7f2798f-large.png","wideIconUri":"/8078582201885112147/N59aa0aa0-e2bb-4396-bd0e-084db6dac64b-wide.png"},"connectionReferences":{"eb3002f4-690e-4148-a9dc-14cbadfd647f":{"id":"d66ce9d0-e5f9-484a-9e91-25dda953b8f9","displayName":"Accuweather Location","iconUri":"https://az787822.vo.msecnd.net/defaulticons/api-dedicated.png","dataSources":["Accuweather"],"dependencies":[],"dependents":[],"parameterHints":{},"isOnPremiseConnection":false,"bypassConsent":false,"dataSets":{},"apiTier":"Standard","isCustomApiConnection":true}},"databaseReferences":{},"almMode":"Environment","performanceOptimizationEnabled":true,"canConsumeAppPass":true},"isAppComponentLibrary":false,"appType":"ClassicCanvasApp","appComponents":[]}}