{"schemaVersion":"1.0","appDefinitionTemplate":{"id":"/providers/Microsoft.PowerApps/apps/","type":"Microsoft.PowerApps/apps","tags":{"primaryDeviceWidth":"640","primaryDeviceHeight":"1136","sienaVersion":"6629a8ec-1d35-426f-a730-df58ffde1c01","deviceCapabilities":"","supportsPortrait":"true","supportsLandscape":"false","primaryFormFactor":"Phone","publisherVersion":"3.20114.22","minimumRequiredApiVersion":"2.2.0","hasComponent":"false","hasUnlockedComponent":"false","isUnifiedRootApp":"false"},"properties":{"appVersion":"2020-12-10T00:23:34Z","lifeCycleId":"Published","createdByClientVersion":{"major":3,"minor":20114,"build":22,"revision":0,"majorRevision":0,"minorRevision":0},"minClientVersion":{"major":3,"minor":20114,"build":22,"revision":0,"majorRevision":0,"minorRevision":0},"backgroundColor":"rgba(0, 176, 240, 1)","backgroundImageUri":"/5694236376453454321/N0e48039a-4aa8-44e1-b9db-d22ac7373714-logoSmallFile","displayName":"OneDrive Shared","description":"","commitMessage":"","appUris":{"documentUri":{"value":"/5694236376453454321/N9aee92d2-51ce-4ba5-9f27-48e063a49f7b-document.msapp"},"imageUris":[]},"createdTime":"0001-01-01T00:00:00Z","lastModifiedTime":"0001-01-01T00:00:00Z","sharedGroupsCount":0,"sharedUsersCount":0,"icons":{"smallIconUri":"/5694236376453454321/N1b1e91e0-c26f-4419-8aff-05718160bdd3-small.png","mediumIconUri":"/5694236376453454321/Naece4939-af49-4b9d-8cbe-02cdc7efd14e-medium.png","largeIconUri":"/5694236376453454321/Nbfee6212-fc27-4649-9616-25198e44be41-large.png","wideIconUri":"/5694236376453454321/Na2878207-ee04-4f34-b890-c90237cb7080-wide.png"},"connectionReferences":{"023eea92-d1b2-41d2-bfab-4c5d321d3802":{"id":"baab010f-9717-4dc7-8861-63db42323b95","displayName":"Logic flows","iconUri":"https://resourcestackdeploy.blob.core.windows.net/scripts/13276078.png","dataSources":["GetdatafromFlow"],"dependencies":[],"dependents":[],"parameterHints":{"workflowName":{"value":"4f7c86bf-adc6-4d21-8f45-a57e5f75f917"}},"isOnPremiseConnection":false,"dataSets":{},"apiTier":"Standard","isCustomApiConnection":false,"actions":["Run"]}},"databaseReferences":{},"almMode":"Environment","performanceOptimizationEnabled":true,"canConsumeAppPass":true,"executionRestrictions":{"isTeamsOnly":false,"dataLossPreventionEvaluationResult":{"status":"Compliant","lastEvaluationDate":"2020-12-10T00:23:44.34689Z","violationDetails":[]}}},"isAppComponentLibrary":false,"appType":"ClassicCanvasApp","appComponents":[]}}