{"schemaVersion":"1.0","appDefinitionTemplate":{"id":"/providers/Microsoft.PowerApps/apps/","type":"Microsoft.PowerApps/apps","tags":{"primaryDeviceWidth":"1366","primaryDeviceHeight":"768","sienaVersion":"20201122T224454Z-3.20112.43.0","deviceCapabilities":"","supportsPortrait":"false","supportsLandscape":"true","primaryFormFactor":"Tablet","publisherVersion":"3.20112.43","minimumRequiredApiVersion":"2.2.0","hasComponent":"false","hasUnlockedComponent":"false","isUnifiedRootApp":"false"},"properties":{"appVersion":"2020-11-22T22:44:54Z","lifeCycleId":"Published","createdByClientVersion":{"major":3,"minor":20112,"build":43,"revision":0,"majorRevision":0,"minorRevision":0},"minClientVersion":{"major":3,"minor":20112,"build":43,"revision":0,"majorRevision":0,"minorRevision":0},"backgroundColor":"rgba(104, 101, 171, 1)","backgroundImageUri":"/17980249492708149782/Ncc26bfdb-da59-4904-907b-690ad0a57062-logoSmallFile","displayName":"Recipe App","description":"Demo App","commitMessage":"","appUris":{"documentUri":{"value":"/17980249492708149782/Nba43b3dc-d93e-4599-b556-f5e840438e3f-document.msapp"},"imageUris":[]},"createdTime":"0001-01-01T00:00:00Z","lastModifiedTime":"0001-01-01T00:00:00Z","sharedGroupsCount":0,"sharedUsersCount":0,"icons":{"smallIconUri":"/17980249492708149782/N2d5c760c-d90b-4e6a-bbb9-8d28076ba85f-small.png","mediumIconUri":"/17980249492708149782/N3f914e87-822a-4c31-825b-69cff028dfd4-medium.png","largeIconUri":"/17980249492708149782/N4f15cbf7-a217-4f79-b967-3cea186a7b2c-large.png","wideIconUri":"/17980249492708149782/Neea64070-70a7-44bd-9a3c-7b249581b3a8-wide.png"},"connectionReferences":{},"databaseReferences":{},"almMode":"Environment","performanceOptimizationEnabled":true,"canConsumeAppPass":true,"executionRestrictions":{"isTeamsOnly":false,"dataLossPreventionEvaluationResult":{"status":"Compliant","lastEvaluationDate":"2020-11-22T22:43:37.9482492Z","violationDetails":[]}}},"isAppComponentLibrary":false,"appType":"ClassicCanvasApp","appComponents":[]}}