{"schemaVersion":"1.0","appDefinitionTemplate":{"id":"/providers/Microsoft.PowerApps/apps/","type":"Microsoft.PowerApps/apps","tags":{"primaryDeviceWidth":"1366","primaryDeviceHeight":"768","sienaVersion":"20201116T213203Z-3.20112.27.0","deviceCapabilities":"","supportsPortrait":"false","supportsLandscape":"true","primaryFormFactor":"Tablet","publisherVersion":"3.20111.42","minimumRequiredApiVersion":"2.2.0","hasComponent":"false","hasUnlockedComponent":"false","isUnifiedRootApp":"false"},"properties":{"appVersion":"2020-11-16T21:32:03Z","lifeCycleId":"Published","createdByClientVersion":{"major":3,"minor":20111,"build":42,"revision":0,"majorRevision":0,"minorRevision":0},"minClientVersion":{"major":3,"minor":20111,"build":42,"revision":0,"majorRevision":0,"minorRevision":0},"backgroundColor":"rgba(0, 176, 240, 1)","backgroundImageUri":"/12087048549995329527/N66a06b10-a6a9-47a5-aede-8787206be2ab-logoSmallFile","displayName":"Customer success discovery","description":"","commitMessage":"","appUris":{"documentUri":{"value":"/12087048549995329527/N404258ef-6fa5-489a-b2fd-395dd2c1f50f-document.msapp"},"imageUris":[]},"createdTime":"0001-01-01T00:00:00Z","lastModifiedTime":"0001-01-01T00:00:00Z","sharedGroupsCount":0,"sharedUsersCount":0,"icons":{"smallIconUri":"/12087048549995329527/N33fdc2a2-a712-4c64-8328-1ee811a370ea-small.png","mediumIconUri":"/12087048549995329527/N21d2d8a3-1479-4f57-a73a-6a8c55004cdb-medium.png","largeIconUri":"/12087048549995329527/Nfa7e26d8-f449-4ebc-89d8-7e1fb5f1d941-large.png","wideIconUri":"/12087048549995329527/N28d72d63-51dd-4e5b-b99c-6a1a21952af5-wide.png"},"connectionReferences":{"54ea3315-f201-4dc7-a6f7-f729df7783c7":{"id":"d2e0efff-2144-45ac-b059-f14d9a722ca4","displayName":"Twitter","iconUri":"https://connectoricons-prod.azureedge.net/releases/v1.0.1403/1.0.1403.2163/twitter/icon.png","dataSources":["Twitter"],"dependencies":[],"dependents":[],"parameterHints":{},"isOnPremiseConnection":false,"bypassConsent":false,"dataSets":{},"apiTier":"Standard","isCustomApiConnection":false,"authenticationType":"shared-application","actions":["HomeTimeline"]},"4ded9507-42de-418d-b0e5-6741db74e5f1":{"id":"68b4cdd3-82cd-4dae-a456-87872f0b4ebe","displayName":"SharePoint","iconUri":"https://connectoricons-prod.azureedge.net/releases/v1.0.1416/1.0.1416.2232/sharepointonline/icon.png","dataSources":["Customer stories"],"dependencies":[],"dependents":[],"parameterHints":{},"isOnPremiseConnection":false,"bypassConsent":false,"dataSets":{"https://ampicurrents.sharepoint.com/":{"dataSources":{"Customer stories":{"tableName":"14f3afaa-290a-4ab0-86dc-2011e4b1dfbd"}}}},"apiTier":"Standard","isCustomApiConnection":false}},"databaseReferences":{"default.cds":{"databaseDetails":{"referenceType":"Environmental","environmentName":"default.cds"},"dataSources":{"43b0dc67-68af-47ae-9a9c-9e69d396ba3e":{"entitySetName":"msdyn_aimodels","logicalName":"msdyn_aimodel"}}}},"almMode":"Environment","performanceOptimizationEnabled":true,"canConsumeAppPass":true,"executionRestrictions":{"isTeamsOnly":false,"dataLossPreventionEvaluationResult":{"status":"Compliant","lastEvaluationDate":"2020-11-15T23:37:27.8347028Z","violationDetails":[]}}},"isAppComponentLibrary":false,"appType":"ClassicCanvasApp","appComponents":[]}}