{"name":"d9b45d0a-5914-492a-b579-366fc3a369f7","id":"/providers/Microsoft.Flow/flows/d9b45d0a-5914-492a-b579-366fc3a369f7","type":"Microsoft.Flow/flows","properties":{"apiId":"/providers/Microsoft.PowerApps/apis/shared_logicflows","displayName":"Get Excel data","definition":{"metadata":{"workflowEntityId":null,"flowclientsuspensionreason":"None","flowclientsuspensiontime":null,"creator":{"id":"925c608f-ce29-4bed-8561-b94b148352bb","type":"User","tenantId":"fd037fe3-7027-49ab-9f4b-7a41e58066e9"},"provisioningMethod":"FromDefinition","failureAlertSubscription":true,"clientLastModifiedTime":"2020-12-09T22:33:21.0865188Z"},"$schema":"https://schema.management.azure.com/providers/Microsoft.Logic/schemas/2016-06-01/workflowdefinition.json#","contentVersion":"1.0.0.0","parameters":{"$connections":{"defaultValue":{},"type":"Object"},"$authentication":{"defaultValue":{},"type":"SecureObject"}},"triggers":{"manual":{"type":"Request","kind":"Http","inputs":{"schema":{}}}},"actions":{"List_rows_present_in_a_table":{"runAfter":{},"metadata":{"01NHMKW2T5TTEKWT6F5VCZTO32BZ3BDLS7":"/Sample Data.xlsx"},"type":"OpenApiConnection","inputs":{"host":{"apiId":"/providers/Microsoft.PowerApps/apis/shared_excelonlinebusiness","connectionName":"shared_excelonlinebusiness","operationId":"GetItems"},"parameters":{"source":"me","drive":"b!GJ3PtE34KUeTyd4JfOc-PxYiuQWNR7FPjraDpkSOGoeKAjongrzoRavF3xGK0pQM","file":"01NHMKW2T5TTEKWT6F5VCZTO32BZ3BDLS7","table":"{CE88A3DA-297D-4EAC-80BA-7B2363A3D91A}","$select":"first_name, last_name, email"},"authentication":"@parameters('$authentication')"}},"Response":{"runAfter":{"Select":["Succeeded"]},"type":"Response","kind":"Http","inputs":{"statusCode":200,"body":"@body('Select')"}},"Select":{"runAfter":{"List_rows_present_in_a_table":["Succeeded"]},"type":"Select","inputs":{"from":"@outputs('List_rows_present_in_a_table')?['body/value']","select":{"fullName":"@{item()?['first_name']} @{item()?['last_name']}","email":"@item()?['email']"}}}},"outputs":{}},"connectionReferences":{"shared_excelonlinebusiness":{"connectionName":"shared-excelonlinebu-09eb55c8-4573-4dc5-9cd1-829e392aaad6","source":"Embedded","id":"/providers/Microsoft.PowerApps/apis/shared_excelonlinebusiness","tier":"NotSpecified"}},"flowFailureAlertSubscribed":false}}