{"schemaVersion":"1.0","appDefinitionTemplate":{"id":"/providers/Microsoft.PowerApps/apps/","type":"Microsoft.PowerApps/apps","tags":{"primaryDeviceWidth":"640","primaryDeviceHeight":"1136","sienaVersion":"20200914T190821Z-3.20085.19.0","deviceCapabilities":"","supportsPortrait":"true","supportsLandscape":"false","primaryFormFactor":"Phone","publisherVersion":"3.20085.19","minimumRequiredApiVersion":"2.2.0","hasComponent":"true","hasUnlockedComponent":"true","isUnifiedRootApp":"false"},"properties":{"appVersion":"2020-09-14T19:08:21Z","lifeCycleId":"Published","createdByClientVersion":{"major":3,"minor":20085,"build":19,"revision":0,"majorRevision":0,"minorRevision":0},"minClientVersion":{"major":3,"minor":20085,"build":19,"revision":0,"majorRevision":0,"minorRevision":0},"backgroundColor":"rgba(1, 131, 134, 1)","backgroundImageUri":"/4095218275381762573/N2925b27c-d87a-4540-b28c-f5b6adbde2f0-logoSmallFile","displayName":"BaseComponents","description":"","commitMessage":"","appUris":{"documentUri":{"value":"/4095218275381762573/N1695feef-f785-4b49-85bc-6e417759882a-document.msapp","readonlyValue":"/4095218275381762573/N1695feef-f785-4b49-85bc-6e417759882a-document.msapp"},"imageUris":[]},"createdTime":"0001-01-01T00:00:00Z","lastModifiedTime":"0001-01-01T00:00:00Z","sharedGroupsCount":0,"sharedUsersCount":0,"icons":{"smallIconUri":"/4095218275381762573/N82ae234f-6662-488f-a06f-2b7ce432f35f-small.png","mediumIconUri":"/4095218275381762573/N15e8a5b4-9c91-4f13-8c8b-edf9e719b2fe-medium.png","largeIconUri":"/4095218275381762573/Nb749a203-a65c-4151-9362-47b5ee264cde-large.png","wideIconUri":"/4095218275381762573/N1d18894d-cb12-4fb8-b5ee-b1efa8b8dda3-wide.png"},"connectionReferences":{},"databaseReferences":{},"almMode":"Environment","performanceOptimizationEnabled":true,"canConsumeAppPass":true},"isAppComponentLibrary":false,"appType":"ClassicCanvasApp","appComponents":[]}}