{"name":"21209397-a65c-4325-86bd-971442a725fc","id":"/providers/Microsoft.Flow/flows/21209397-a65c-4325-86bd-971442a725fc","type":"Microsoft.Flow/flows","properties":{"apiId":"/providers/Microsoft.PowerApps/apis/shared_logicflows","displayName":"Get data from Flow","definition":{"metadata":{"workflowEntityId":null,"flowclientsuspensionreason":"None","flowclientsuspensiontime":null,"creator":{"id":"925c608f-ce29-4bed-8561-b94b148352bb","type":"User","tenantId":"fd037fe3-7027-49ab-9f4b-7a41e58066e9"},"provisioningMethod":"FromDefinition","failureAlertSubscription":true,"clientLastModifiedTime":"2020-12-09T23:51:15.1564488Z"},"$schema":"https://schema.management.azure.com/providers/Microsoft.Logic/schemas/2016-06-01/workflowdefinition.json#","contentVersion":"1.0.0.0","parameters":{"$authentication":{"defaultValue":{},"type":"SecureObject"}},"triggers":{"manual":{"type":"Request","kind":"PowerApp","inputs":{"schema":{"type":"object","properties":{},"required":[]}}}},"actions":{"HTTP":{"runAfter":{},"type":"Http","inputs":{"method":"POST","uri":"https://prod-133.westeurope.logic.azure.com:443/workflows/e54a91a502b84e668a1cecb5fd4399f6/triggers/manual/paths/invoke?api-version=2016-06-01&sp=%2Ftriggers%2Fmanual%2Frun&sv=1.0&sig=RxoSu-nwhqIki1Fx67VKYlvXxG8uHlfVK-g2ZRx6JjI"}},"Respond_to_a_PowerApp_or_flow":{"runAfter":{"HTTP":["Succeeded"]},"type":"Response","kind":"PowerApp","inputs":{"statusCode":200,"body":{"data":"@{join(body('HTTP'), ';')}"},"schema":{"type":"object","properties":{"data":{"title":"data","x-ms-dynamically-added":true,"type":"string"}}}}}}},"connectionReferences":{},"flowFailureAlertSubscribed":false}}