{"schemaVersion":"1.0","appDefinitionTemplate":{"id":"/providers/Microsoft.PowerApps/apps/","type":"Microsoft.PowerApps/apps","tags":{"primaryDeviceWidth":"640","primaryDeviceHeight":"1136","sienaVersion":"20200815T163908Z-3.20081.20.0","deviceCapabilities":"","supportsPortrait":"true","supportsLandscape":"false","primaryFormFactor":"Phone","publisherVersion":"3.20081.20","minimumRequiredApiVersion":"2.2.0","hasComponent":"false","hasUnlockedComponent":"false","isUnifiedRootApp":"false"},"properties":{"appVersion":"2020-08-15T16:39:08Z","lifeCycleId":"Published","createdByClientVersion":{"major":3,"minor":20081,"build":20,"revision":0,"majorRevision":0,"minorRevision":0},"minClientVersion":{"major":3,"minor":20081,"build":20,"revision":0,"majorRevision":0,"minorRevision":0},"backgroundColor":"rgba(1, 60, 96, 1)","backgroundImageUri":"/12653224692257803550/N08e600bc-7f62-4ec0-b90b-72e6824af8ab-logoSmallFile","displayName":"PowerTrack SQL","description":"","commitMessage":"","appUris":{"documentUri":{"value":"/12653224692257803550/Nb451c1b4-0b57-465c-8e44-bf23c95e92a0-document.msapp","readonlyValue":"/12653224692257803550/Nb451c1b4-0b57-465c-8e44-bf23c95e92a0-document.msapp"},"imageUris":[]},"createdTime":"0001-01-01T00:00:00Z","lastModifiedTime":"0001-01-01T00:00:00Z","sharedGroupsCount":0,"sharedUsersCount":0,"icons":{"smallIconUri":"/12653224692257803550/N6b1a5f42-04c5-431f-a589-82c572e037a8-small.png","mediumIconUri":"/12653224692257803550/N0b97f088-5fa7-4e0d-984e-cdc79cf0e871-medium.png","largeIconUri":"/12653224692257803550/Nbebb648d-8c6e-4d88-8f0e-b602e289f8aa-large.png","wideIconUri":"/12653224692257803550/Na8063083-d819-42a9-9108-3623ec1d9eb7-wide.png"},"connectionReferences":{"698d9dcf-dcdf-476d-8c6b-0cbf00739dc3":{"id":"109b9816-3341-48fd-99f6-209dfbb4a4f1","displayName":"SQL Server","iconUri":"https://connectoricons-prod.azureedge.net/releases/v1.0.1382/1.0.1382.2097/sql/icon.png","dataSources":["[dbo].[customers]","[dbo].[ticket_priority]","[dbo].[ticket_status]","[dbo].[tickets]","[dbo].[technicians]"],"dependencies":[],"dependents":[],"parameterHints":{},"isOnPremiseConnection":false,"bypassConsent":false,"dataSets":{"ampicurrents.database.windows.net,production":{"dataSources":{"[dbo].[customers]":{"tableName":"[dbo].[customers]"},"[dbo].[ticket_priority]":{"tableName":"[dbo].[ticket_priority]"},"[dbo].[ticket_status]":{"tableName":"[dbo].[ticket_status]"},"[dbo].[tickets]":{"tableName":"[dbo].[tickets]"},"[dbo].[technicians]":{"tableName":"[dbo].[technicians]"}}}},"apiTier":"Premium","isCustomApiConnection":false,"authenticationType":"oauth"}},"databaseReferences":{},"almMode":"Solution","performanceOptimizationEnabled":true,"canConsumeAppPass":true},"isAppComponentLibrary":false,"appType":"ClassicCanvasApp","appComponents":[]}}