{"schemaVersion":"1.0","appDefinitionTemplate":{"id":"/providers/Microsoft.PowerApps/apps/","type":"Microsoft.PowerApps/apps","tags":{"primaryDeviceWidth":"1366","primaryDeviceHeight":"768","sienaVersion":"20201129T231848Z-3.20111.52.0","deviceCapabilities":"","supportsPortrait":"true","supportsLandscape":"true","primaryFormFactor":"Tablet","publisherVersion":"3.20111.52","minimumRequiredApiVersion":"2.2.0","hasComponent":"false","hasUnlockedComponent":"false","isUnifiedRootApp":"false"},"properties":{"appVersion":"2020-11-29T23:18:48Z","lifeCycleId":"Published","createdByClientVersion":{"major":3,"minor":20111,"build":52,"revision":0,"majorRevision":0,"minorRevision":0},"minClientVersion":{"major":3,"minor":20111,"build":52,"revision":0,"majorRevision":0,"minorRevision":0},"backgroundColor":"rgba(81, 92, 107, 1)","backgroundImageUri":"/14431036720099197656/Nc4e5bc38-ee92-464b-98e2-6aafb8e58c43-logoSmallFile","displayName":"Power Vault","description":"","commitMessage":"","appUris":{"documentUri":{"value":"/14431036720099197656/Nf4695ab0-035d-436a-b43b-6523ff493523-document.msapp"},"imageUris":[]},"createdTime":"0001-01-01T00:00:00Z","lastModifiedTime":"0001-01-01T00:00:00Z","sharedGroupsCount":0,"sharedUsersCount":0,"icons":{"smallIconUri":"/14431036720099197656/Ne8237816-7cde-4112-8609-d17216930a1d-small.png","mediumIconUri":"/14431036720099197656/Nb1280602-1344-4ee3-818f-e1de2254e3cb-medium.png","largeIconUri":"/14431036720099197656/Nfddaf262-af45-4989-b419-d34ebedf2041-large.png","wideIconUri":"/14431036720099197656/N3c8c82ba-c829-4b3e-9bea-3d0eb74583ac-wide.png"},"connectionReferences":{"36589f10-3e09-4d39-ae77-93909a503a65":{"id":"a9e3e3cb-61ed-4925-af8f-3d0c5b21040c","displayName":"Azure Key Vault","iconUri":"https://connectoricons-prod.azureedge.net/release-2020-10-30-haassyad/1.0.1415.2215/keyvault/icon.png","dataSources":["AzureKeyVault"],"dependencies":[],"dependents":[],"parameterHints":{},"isOnPremiseConnection":false,"bypassConsent":false,"dataSets":{},"apiTier":"Premium","isCustomApiConnection":false,"actions":["ListSecrets","GetSecret"]}},"databaseReferences":{},"almMode":"Environment","performanceOptimizationEnabled":true,"canConsumeAppPass":true,"executionRestrictions":{"isTeamsOnly":false,"dataLossPreventionEvaluationResult":{"status":"Compliant","lastEvaluationDate":"2020-11-29T17:28:17.3115217Z","violationDetails":[]}}},"isAppComponentLibrary":false,"appType":"ClassicCanvasApp","appComponents":[]}}