{"schemaVersion":"1.0","appDefinitionTemplate":{"id":"/providers/Microsoft.PowerApps/apps/","type":"Microsoft.PowerApps/apps","tags":{"primaryDeviceWidth":"1366","primaryDeviceHeight":"768","sienaVersion":"20201216T232531Z-3.20114.22.0","deviceCapabilities":"","supportsPortrait":"false","supportsLandscape":"true","primaryFormFactor":"Tablet","publisherVersion":"3.20114.22","minimumRequiredApiVersion":"2.2.0","hasComponent":"true","hasUnlockedComponent":"false","isUnifiedRootApp":"false"},"properties":{"appVersion":"2020-12-16T23:25:31Z","lifeCycleId":"Published","createdByClientVersion":{"major":3,"minor":20114,"build":22,"revision":0,"majorRevision":0,"minorRevision":0},"minClientVersion":{"major":3,"minor":20114,"build":22,"revision":0,"majorRevision":0,"minorRevision":0},"backgroundColor":"rgba(0, 176, 240, 1)","backgroundImageUri":"/10638415571674800182/N51c2a7ef-3b44-4710-b474-1ad9bab42d13-logoSmallFile","displayName":"Component Test","description":"","commitMessage":"","appUris":{"documentUri":{"value":"/10638415571674800182/Nef248c8c-887b-4263-8423-f242c98f0b29-document.msapp"},"imageUris":[]},"createdTime":"0001-01-01T00:00:00Z","lastModifiedTime":"0001-01-01T00:00:00Z","sharedGroupsCount":0,"sharedUsersCount":0,"icons":{"smallIconUri":"/10638415571674800182/N548e4ede-55e7-49af-a5ef-e7470f3e63d5-small.png","mediumIconUri":"/10638415571674800182/Nd7ca39fc-fe0a-4de3-8b66-61c66b04c917-medium.png","largeIconUri":"/10638415571674800182/N19a7ec32-18eb-451f-b41d-605b616cc9f3-large.png","wideIconUri":"/10638415571674800182/Nb961d614-0764-4f6b-99bc-4e84b99588c8-wide.png"},"connectionReferences":{},"databaseReferences":{},"almMode":"Environment","performanceOptimizationEnabled":true,"canConsumeAppPass":true,"executionRestrictions":{"isTeamsOnly":false,"dataLossPreventionEvaluationResult":{"status":"Compliant","lastEvaluationDate":"2020-12-16T23:25:41.4475732Z","violationDetails":[]}}},"isAppComponentLibrary":false,"appType":"ClassicCanvasApp","appComponents":[]}}