{"schemaVersion":"1.0","appDefinitionTemplate":{"id":"/providers/Microsoft.PowerApps/apps/","type":"Microsoft.PowerApps/apps","tags":{"primaryDeviceWidth":"1366","primaryDeviceHeight":"768","sienaVersion":"20200914T185813Z-3.20085.19.0","deviceCapabilities":"","supportsPortrait":"false","supportsLandscape":"true","primaryFormFactor":"Tablet","publisherVersion":"3.20085.19","minimumRequiredApiVersion":"2.2.0","hasComponent":"true","hasUnlockedComponent":"true","isUnifiedRootApp":"false"},"properties":{"appVersion":"2020-09-14T18:58:13Z","lifeCycleId":"Published","createdByClientVersion":{"major":3,"minor":20085,"build":19,"revision":0,"majorRevision":0,"minorRevision":0},"minClientVersion":{"major":3,"minor":20085,"build":19,"revision":0,"majorRevision":0,"minorRevision":0},"backgroundColor":"rgba(1, 131, 134, 1)","backgroundImageUri":"/12932102991381486546/N7e9308ca-6b71-4593-803f-99155b2160b3-logoSmallFile","displayName":"PowerComponents Desktop","description":"","commitMessage":"","appUris":{"documentUri":{"value":"/12932102991381486546/Nb0b43f22-f7b5-4f1f-b629-8e2ee06e75f7-document.msapp","readonlyValue":"/12932102991381486546/Nb0b43f22-f7b5-4f1f-b629-8e2ee06e75f7-document.msapp"},"imageUris":[]},"createdTime":"0001-01-01T00:00:00Z","lastModifiedTime":"0001-01-01T00:00:00Z","sharedGroupsCount":0,"sharedUsersCount":0,"icons":{"smallIconUri":"/12932102991381486546/Ne96e469c-cf60-40aa-b0fc-aad9ca48a23d-small.png","mediumIconUri":"/12932102991381486546/N545e1cfd-eb40-4182-9220-f15cecd27bd1-medium.png","largeIconUri":"/12932102991381486546/N0578b6fc-c47e-416f-b0cb-ae0d8a7d5d3d-large.png","wideIconUri":"/12932102991381486546/N0a66445f-b43d-4ec4-9843-553a8bf089cc-wide.png"},"connectionReferences":{},"databaseReferences":{},"almMode":"Environment","performanceOptimizationEnabled":true,"canConsumeAppPass":true},"isAppComponentLibrary":false,"appType":"ClassicCanvasApp","appComponents":[]}}