{"schemaVersion":"1.0","appDefinitionTemplate":{"id":"/providers/Microsoft.PowerApps/apps/","type":"Microsoft.PowerApps/apps","tags":{"primaryDeviceWidth":"640","primaryDeviceHeight":"1136","sienaVersion":"20201213T162400Z-3.20114.21.0","deviceCapabilities":"","supportsPortrait":"true","supportsLandscape":"false","primaryFormFactor":"Phone","publisherVersion":"3.20114.21","minimumRequiredApiVersion":"2.2.0","hasComponent":"false","hasUnlockedComponent":"false","isUnifiedRootApp":"false"},"properties":{"appVersion":"2020-12-13T16:24:00Z","lifeCycleId":"Published","createdByClientVersion":{"major":3,"minor":20114,"build":21,"revision":0,"majorRevision":0,"minorRevision":0},"minClientVersion":{"major":3,"minor":20114,"build":21,"revision":0,"majorRevision":0,"minorRevision":0},"backgroundColor":"rgba(72, 104, 96, 1)","backgroundImageUri":"/2565510030531316206/N9be0333c-69c5-4f5e-86c1-0a530b376078-logoSmallFile","displayName":"Monitor Data","description":"","commitMessage":"","appUris":{"documentUri":{"value":"/2565510030531316206/N4be9c30f-c70e-4544-862b-994026132f5b-document.msapp"},"imageUris":[]},"createdTime":"0001-01-01T00:00:00Z","lastModifiedTime":"0001-01-01T00:00:00Z","sharedGroupsCount":0,"sharedUsersCount":0,"icons":{"smallIconUri":"/2565510030531316206/Ndbe33c75-5834-4302-a8a6-22a66c7c0225-small.png","mediumIconUri":"/2565510030531316206/N623653b6-0e77-45af-b0ea-8cc93620d455-medium.png","largeIconUri":"/2565510030531316206/Nb5dab33b-0942-4745-92cc-57f6b17fec74-large.png","wideIconUri":"/2565510030531316206/N948afd36-34ab-4bff-82f0-1e2405a05f6d-wide.png"},"connectionReferences":{"3b028250-e2de-494b-9a56-4e5a289d5750":{"id":"68b4cdd3-82cd-4dae-a456-87872f0b4ebe","displayName":"SharePoint","iconUri":"https://connectoricons-prod.azureedge.net/releases/v1.0.1419/1.0.1419.2242/sharepointonline/icon.png","dataSources":["Monitor Data"],"dependencies":[],"dependents":[],"parameterHints":{},"isOnPremiseConnection":false,"bypassConsent":false,"dataSets":{"https://ampicurrents.sharepoint.com/sites/Production":{"dataSources":{"Monitor Data":{"tableName":"512aafce-555e-49d4-9e4f-67783228a25b"}}}},"apiTier":"Standard","isCustomApiConnection":false}},"databaseReferences":{},"almMode":"Environment","performanceOptimizationEnabled":true,"canConsumeAppPass":true,"executionRestrictions":{"isTeamsOnly":false,"dataLossPreventionEvaluationResult":{"status":"Compliant","lastEvaluationDate":"2020-12-13T01:36:11.2916461Z","violationDetails":[]}}},"isAppComponentLibrary":false,"appType":"ClassicCanvasApp","appComponents":[]}}