{"schemaVersion":"1.0","appDefinitionTemplate":{"id":"/providers/Microsoft.PowerApps/apps/","type":"Microsoft.PowerApps/apps","tags":{"primaryDeviceWidth":"640","primaryDeviceHeight":"1136","sienaVersion":"4143b24f-c7ac-42db-853b-716f1a5011f5","deviceCapabilities":"","supportsPortrait":"true","supportsLandscape":"false","primaryFormFactor":"Phone","publisherVersion":"3.20083.24","minimumRequiredApiVersion":"2.2.0","hasComponent":"false","hasUnlockedComponent":"false","isUnifiedRootApp":"false"},"properties":{"appVersion":"2020-08-31T22:39:34Z","lifeCycleId":"Published","createdByClientVersion":{"major":3,"minor":20083,"build":24,"revision":0,"majorRevision":0,"minorRevision":0},"minClientVersion":{"major":3,"minor":20083,"build":24,"revision":0,"majorRevision":0,"minorRevision":0},"backgroundColor":"rgba(104, 101, 171, 1)","backgroundImageUri":"/14311757457364664034/N6b0f0801-1050-485a-97b6-cd50fa3ce0ec-logoSmallFile","displayName":"Flow Delegation","description":"","commitMessage":"","appUris":{"documentUri":{"value":"/14311757457364664034/N5b4900f9-dae2-415f-b3c2-dc3d6e4efd36-document.msapp","readonlyValue":"/14311757457364664034/N5b4900f9-dae2-415f-b3c2-dc3d6e4efd36-document.msapp"},"imageUris":[]},"createdTime":"0001-01-01T00:00:00Z","lastModifiedTime":"0001-01-01T00:00:00Z","sharedGroupsCount":0,"sharedUsersCount":0,"icons":{"smallIconUri":"/14311757457364664034/N59b9173e-907f-40ca-bbde-2da241f73e98-small.png","mediumIconUri":"/14311757457364664034/N60d43097-ab80-4cd4-80cf-e45d617eff49-medium.png","largeIconUri":"/14311757457364664034/Ne0b8c209-153c-4d2c-85d1-f7a3d3b689e6-large.png","wideIconUri":"/14311757457364664034/N9e1fcbc4-ac87-43e8-a0b7-b2d4630910f3-wide.png"},"connectionReferences":{"03cf0319-286c-4262-b314-2ec83ce9f64d":{"id":"61b76c3c-f5dd-4a4b-930c-578ab26b1cbb","displayName":"SharePoint","iconUri":"https://connectoricons-prod.azureedge.net/releases/v1.0.1385/1.0.1385.2110/sharepointonline/icon.png","dataSources":["Speed Test"],"dependencies":[],"dependents":["d1c032c7-0bdd-4c89-9b59-4c1c7deda6e1"],"parameterHints":{},"isOnPremiseConnection":false,"bypassConsent":false,"dataSets":{"https://powernimbus.sharepoint.com/sites/Production":{"dataSources":{"Speed Test":{"tableName":"bcfc3c78-e7f5-4ddb-9f21-b74b71675f22"}}}},"apiTier":"Standard","isCustomApiConnection":false},"d1c032c7-0bdd-4c89-9b59-4c1c7deda6e1":{"id":"8a917bc9-8285-4398-8bf1-2a5f8650861f","displayName":"Logic flows","iconUri":"https://resourcestackdeploy.blob.core.windows.net/scripts/13276078.png","dataSources":["Delegationhelper"],"dependencies":["03cf0319-286c-4262-b314-2ec83ce9f64d"],"dependents":[],"parameterHints":{"workflowName":{"value":"9bec0d43-66b5-4380-a461-e32b6018f574"},"03cf0319-286c-4262-b314-2ec83ce9f64d":{"value":"shared_sharepointonline"}},"isOnPremiseConnection":false,"bypassConsent":false,"dataSets":{},"apiTier":"Standard","isCustomApiConnection":false}},"databaseReferences":{},"almMode":"Environment","performanceOptimizationEnabled":true,"canConsumeAppPass":true},"isAppComponentLibrary":false,"appType":"ClassicCanvasApp","appComponents":[]}}