{"schemaVersion":"1.0","appDefinitionTemplate":{"id":"/providers/Microsoft.PowerApps/apps/","type":"Microsoft.PowerApps/apps","tags":{"primaryDeviceWidth":"640","primaryDeviceHeight":"1136","sienaVersion":"20200815T222826Z-3.20071.24.0","deviceCapabilities":"","supportsPortrait":"true","supportsLandscape":"false","primaryFormFactor":"Phone","publisherVersion":"3.20071.24","minimumRequiredApiVersion":"2.2.0","hasComponent":"false","hasUnlockedComponent":"false","isUnifiedRootApp":"false"},"properties":{"appVersion":"2020-08-15T22:28:26Z","lifeCycleId":"Published","createdByClientVersion":{"major":3,"minor":20071,"build":24,"revision":0,"majorRevision":0,"minorRevision":0},"minClientVersion":{"major":3,"minor":20071,"build":24,"revision":0,"majorRevision":0,"minorRevision":0},"backgroundColor":"rgba(0, 176, 240, 1)","backgroundImageUri":"/3540421499866250482/N89793782-6fdf-47bb-bf42-a1239b5581f0-logoSmallFile","displayName":"PowerPremises","description":"","commitMessage":"","appUris":{"documentUri":{"value":"/3540421499866250482/Nfe3a8cff-0392-40e9-9ca8-fa6ace52e715-document.msapp","readonlyValue":"/3540421499866250482/Nfe3a8cff-0392-40e9-9ca8-fa6ace52e715-document.msapp"},"imageUris":[]},"createdTime":"0001-01-01T00:00:00Z","lastModifiedTime":"0001-01-01T00:00:00Z","sharedGroupsCount":0,"sharedUsersCount":0,"icons":{"smallIconUri":"/3540421499866250482/Nc222db50-691a-4122-9eb0-3065369ed140-small.png","mediumIconUri":"/3540421499866250482/N9816a6e6-d5ec-4f54-a97b-49e0d56ffa66-medium.png","largeIconUri":"/3540421499866250482/N8aff13a2-93cf-474d-9d7d-6c6a05e60c80-large.png","wideIconUri":"/3540421499866250482/N772a2bd2-52c8-4fde-9451-992d7ef0d803-wide.png"},"connectionReferences":{"31050043-0481-4cae-a2cb-b86175c955b5":{"id":"37f180e2-e3cb-4cd8-86df-c2cf0eeb07db","displayName":"Excel","iconUri":"https://connectoricons-prod.azureedge.net/excel/icon_1.0.1352.2012.png","dataSources":["Table1"],"dependencies":["3d26098b-a7be-42f0-895b-313c13a4ef82"],"dependents":[],"parameterHints":{"3d26098b-a7be-42f0-895b-313c13a4ef82":{"value":"fileSource"}},"isOnPremiseConnection":false,"dataSets":{"RDpccmVwb3NcUG93ZXJBcHBzLUNvb2tib29rXENoYXB0ZXIwM1xNb2NrIGRhdGEueGxzeA==":{"dataSources":{"Table1":{"tableName":"Table1"}}}},"apiTier":"Standard","isCustomApiConnection":false},"3d26098b-a7be-42f0-895b-313c13a4ef82":{"id":"2b6e75c7-f146-4317-a1ba-12c62775f1af","displayName":"File System","iconUri":"https://connectoricons-prod.azureedge.net/releases/v1.0.1377/1.0.1377.2086/filesystem/icon.png","dataSources":[],"dependencies":[],"dependents":["31050043-0481-4cae-a2cb-b86175c955b5"],"parameterHints":{},"gatewayObjectIdHint":"8b93448a-1613-4e90-ac44-161e47b8d742","isOnPremiseConnection":true,"dataSets":{},"apiTier":"Standard","isCustomApiConnection":false}},"databaseReferences":{},"almMode":"Environment","performanceOptimizationEnabled":true,"canConsumeAppPass":true,"executionRestrictions":{"isTeamsOnly":false,"dataLossPreventionEvaluationResult":{"status":"Compliant","lastEvaluationDate":"2020-10-28T20:04:01.0528933Z","violationDetails":[]}}},"isAppComponentLibrary":false,"appType":"ClassicCanvasApp","appComponents":[]}}