{"schemaVersion":"1.0","appDefinitionTemplate":{"id":"/providers/Microsoft.PowerApps/apps/","type":"Microsoft.PowerApps/apps","tags":{"primaryDeviceWidth":"1366","primaryDeviceHeight":"768","sienaVersion":"20200705T224131Z-3.20053.26.0","deviceCapabilities":"","supportsPortrait":"true","supportsLandscape":"true","primaryFormFactor":"Tablet","publisherVersion":"3.20053.26","minimumRequiredApiVersion":"2.2.0","hasComponent":"false","hasUnlockedComponent":"false","isUnifiedRootApp":"false"},"properties":{"appVersion":"2020-07-05T22:41:31Z","lifeCycleId":"Published","createdByClientVersion":{"major":3,"minor":20053,"build":26,"revision":0,"majorRevision":0,"minorRevision":0},"minClientVersion":{"major":3,"minor":20053,"build":26,"revision":0,"majorRevision":0,"minorRevision":0},"backgroundColor":"rgba(1, 60, 96, 1)","backgroundImageUri":"/6492997203043283620/Naf0e28dc-a20d-4eed-849e-0b072815d5e9-logoSmallFile","displayName":"Power Vault v2","description":"","commitMessage":"","appUris":{"documentUri":{"value":"/6492997203043283620/N0a02113d-f238-43ac-806a-2ec4605e34b4-document.msapp","readonlyValue":"/6492997203043283620/N0a02113d-f238-43ac-806a-2ec4605e34b4-document.msapp"},"imageUris":[]},"createdTime":"0001-01-01T00:00:00Z","lastModifiedTime":"0001-01-01T00:00:00Z","sharedGroupsCount":0,"sharedUsersCount":0,"icons":{"smallIconUri":"/6492997203043283620/N2f2be86f-e512-415a-b323-6bdef074bac9-small.png","mediumIconUri":"/6492997203043283620/N602edcd9-56ac-4558-ace2-d52b4e8ae636-medium.png","largeIconUri":"/6492997203043283620/N479460de-460d-4352-a93b-8f42b85f26e1-large.png","wideIconUri":"/6492997203043283620/Nccb0a221-7bad-45c4-8f40-fe0024fdbaf5-wide.png"},"connectionReferences":{"acea1307-dfa1-4402-8a21-31924aacb1ac":{"id":"a9e3e3cb-61ed-4925-af8f-3d0c5b21040c","displayName":"Azure Key Vault","iconUri":"https://connectoricons-prod.azureedge.net/keyvault/icon_1.0.1358.2031.png","dataSources":["AzureKeyVault"],"dependencies":[],"dependents":[],"parameterHints":{},"isOnPremiseConnection":false,"bypassConsent":false,"dataSets":{},"apiTier":"Premium","isCustomApiConnection":false}},"databaseReferences":{},"almMode":"Environment","performanceOptimizationEnabled":true,"canConsumeAppPass":true},"isAppComponentLibrary":false,"appType":"ClassicCanvasApp","appComponents":[]}}