{"name":"6975bb23-aaaf-49e9-acce-80fea5999714","id":"/providers/Microsoft.Flow/flows/6975bb23-aaaf-49e9-acce-80fea5999714","type":"Microsoft.Flow/flows","properties":{"apiId":"/providers/Microsoft.PowerApps/apis/shared_logicflows","displayName":"Delegation helper","definition":{"metadata":{"workflowEntityId":null,"flowclientsuspensionreason":"None","flowclientsuspensiontime":null,"creator":{"id":"929ce39b-16a7-47a5-b8bf-dc2b7bfdd0b1","type":"User","tenantId":"fdc90c70-0811-412c-8551-e5706c9b92da"},"provisioningMethod":"FromDefinition","failureAlertSubscription":true,"clientLastModifiedTime":"2020-08-31T16:36:56.2891729Z"},"$schema":"https://schema.management.azure.com/providers/Microsoft.Logic/schemas/2016-06-01/workflowdefinition.json#","contentVersion":"1.0.0.0","parameters":{"$connections":{"defaultValue":{},"type":"Object"},"$authentication":{"defaultValue":{},"type":"SecureObject"}},"triggers":{"manual":{"type":"Request","kind":"PowerApp","inputs":{"schema":{"type":"object","properties":{},"required":[]}}}},"actions":{"Respond_to_a_PowerApp_or_flow":{"runAfter":{"Join":["Succeeded"]},"type":"Response","kind":"PowerApp","inputs":{"statusCode":200,"body":{"data":"@body('Join')"},"schema":{"type":"object","properties":{"data":{"title":"data","x-ms-dynamically-added":true,"type":"string"}}}}},"Join":{"runAfter":{"Select":["Succeeded"]},"type":"Join","inputs":{"from":"@body('Select')","joinWith":";"}},"Send_an_HTTP_request_to_SharePoint":{"runAfter":{},"type":"OpenApiConnection","inputs":{"host":{"apiId":"/providers/Microsoft.PowerApps/apis/shared_sharepointonline","connectionName":"shared_sharepointonline","operationId":"HttpRequest"},"parameters":{"dataset":"https://powernimbus.sharepoint.com/sites/Production","parameters/method":"GET","parameters/uri":"_api/web/lists/GetByTitle('Speed test')/items?$select=Title,Department&$top=3000","parameters/headers":{"accept":"application/json","odata":"nometadata"}},"authentication":{"value":"@json(decodeBase64(triggerOutputs().headers['X-MS-APIM-Tokens']))['$ConnectionKey']","type":"Raw"}}},"Parse_JSON":{"runAfter":{"Send_an_HTTP_request_to_SharePoint":["Succeeded"]},"type":"ParseJson","inputs":{"content":"@outputs('Send_an_HTTP_request_to_SharePoint')?['body']","schema":{"type":"object","properties":{"odata.metadata":{"type":"string"},"value":{"type":"array","items":{"type":"object","properties":{"odata.type":{"type":"string"},"odata.id":{"type":"string"},"odata.etag":{"type":"string"},"odata.editLink":{"type":"string"},"Title":{"type":"string"},"Department":{"type":"string"}},"required":["odata.type","odata.id","odata.etag","odata.editLink","Title","Department"]}}}}}},"Select":{"runAfter":{"Parse_JSON":["Succeeded"]},"type":"Select","inputs":{"from":"@body('Parse_JSON')?['value']","select":{"Name":"@item()?['Title']","Department":"@item()?['Department']"}}}}},"connectionReferences":{"shared_sharepointonline":{"connectionName":"443ff876b5b3487e893d853c723c2ace","source":"Invoker","id":"/providers/Microsoft.PowerApps/apis/shared_sharepointonline","tier":"NotSpecified"}},"flowFailureAlertSubscribed":false}}