<ImportExportXml version="9.1.0.19865" SolutionPackageVersion="9.1" languagecode="1033" generatedBy="CrmLive" xmlns:xsi="http://www.w3.org/2001/XMLSchema-instance">
  <SolutionManifest>
    <UniqueName>AMPIHelpdesk</UniqueName>
    <LocalizedNames>
      <LocalizedName description="AMPI Help desk" languagecode="1033" />
    </LocalizedNames>
    <Descriptions />
    <Version>1.0.0.0</Version>
    <Managed>0</Managed>
    <Publisher>
      <UniqueName>Cr6dde5</UniqueName>
      <LocalizedNames>
        <LocalizedName description="CDS Default Publisher" languagecode="1033" />
      </LocalizedNames>
      <Descriptions />
      <EMailAddress xsi:nil="true"></EMailAddress>
      <SupportingWebsiteUrl xsi:nil="true"></SupportingWebsiteUrl>
      <CustomizationPrefix>cr1c1</CustomizationPrefix>
      <CustomizationOptionValuePrefix>21140</CustomizationOptionValuePrefix>
      <Addresses>
        <Address>
          <AddressNumber>1</AddressNumber>
          <AddressTypeCode xsi:nil="true"></AddressTypeCode>
          <City xsi:nil="true"></City>
          <County xsi:nil="true"></County>
          <Country xsi:nil="true"></Country>
          <Fax xsi:nil="true"></Fax>
          <FreightTermsCode xsi:nil="true"></FreightTermsCode>
          <ImportSequenceNumber xsi:nil="true"></ImportSequenceNumber>
          <Latitude xsi:nil="true"></Latitude>
          <Line1 xsi:nil="true"></Line1>
          <Line2 xsi:nil="true"></Line2>
          <Line3 xsi:nil="true"></Line3>
          <Longitude xsi:nil="true"></Longitude>
          <Name xsi:nil="true"></Name>
          <PostalCode xsi:nil="true"></PostalCode>
          <PostOfficeBox xsi:nil="true"></PostOfficeBox>
          <PrimaryContactName xsi:nil="true"></PrimaryContactName>
          <ShippingMethodCode xsi:nil="true"></ShippingMethodCode>
          <StateOrProvince xsi:nil="true"></StateOrProvince>
          <Telephone1 xsi:nil="true"></Telephone1>
          <Telephone2 xsi:nil="true"></Telephone2>
          <Telephone3 xsi:nil="true"></Telephone3>
          <TimeZoneRuleVersionNumber xsi:nil="true"></TimeZoneRuleVersionNumber>
          <UPSZone xsi:nil="true"></UPSZone>
          <UTCOffset xsi:nil="true"></UTCOffset>
          <UTCConversionTimeZoneCode xsi:nil="true"></UTCConversionTimeZoneCode>
        </Address>
        <Address>
          <AddressNumber>2</AddressNumber>
          <AddressTypeCode xsi:nil="true"></AddressTypeCode>
          <City xsi:nil="true"></City>
          <County xsi:nil="true"></County>
          <Country xsi:nil="true"></Country>
          <Fax xsi:nil="true"></Fax>
          <FreightTermsCode xsi:nil="true"></FreightTermsCode>
          <ImportSequenceNumber xsi:nil="true"></ImportSequenceNumber>
          <Latitude xsi:nil="true"></Latitude>
          <Line1 xsi:nil="true"></Line1>
          <Line2 xsi:nil="true"></Line2>
          <Line3 xsi:nil="true"></Line3>
          <Longitude xsi:nil="true"></Longitude>
          <Name xsi:nil="true"></Name>
          <PostalCode xsi:nil="true"></PostalCode>
          <PostOfficeBox xsi:nil="true"></PostOfficeBox>
          <PrimaryContactName xsi:nil="true"></PrimaryContactName>
          <ShippingMethodCode xsi:nil="true"></ShippingMethodCode>
          <StateOrProvince xsi:nil="true"></StateOrProvince>
          <Telephone1 xsi:nil="true"></Telephone1>
          <Telephone2 xsi:nil="true"></Telephone2>
          <Telephone3 xsi:nil="true"></Telephone3>
          <TimeZoneRuleVersionNumber xsi:nil="true"></TimeZoneRuleVersionNumber>
          <UPSZone xsi:nil="true"></UPSZone>
          <UTCOffset xsi:nil="true"></UTCOffset>
          <UTCConversionTimeZoneCode xsi:nil="true"></UTCConversionTimeZoneCode>
        </Address>
      </Addresses>
    </Publisher>
    <RootComponents>
      <RootComponent type="1" schemaName="account" behavior="0" />
      <RootComponent type="1" schemaName="cr1c1_project" behavior="0" />
      <RootComponent type="1" schemaName="cr1c1_ticket" behavior="0" />
      <RootComponent type="1" schemaName="cr1c1_ticketoperation" behavior="0" />
      <RootComponent type="1" schemaName="new_ticketprocess" behavior="0" />
      <RootComponent type="9" schemaName="cr1c1_customervalidation" behavior="0" />
      <RootComponent type="9" schemaName="cr1c1_priority" behavior="0" />
      <RootComponent type="9" schemaName="cr1c1_taskstatus" behavior="0" />
      <RootComponent type="29" id="{e3b390b0-549c-4747-b5e2-39b4b3eb494f}" behavior="0" />
      <RootComponent type="29" id="{f9fbf3a4-66cf-ea11-a812-000d3a31eec8}" behavior="0" />
      <RootComponent type="60" id="{0437d51d-71a0-4087-92dc-3da6b171617f}" behavior="0" />
      <RootComponent type="60" id="{967a771e-5bee-42e9-85de-017f739c4a2a}" behavior="0" />
      <RootComponent type="60" id="{c320eb49-5bd0-ea11-a812-000d3a31eec8}" behavior="0" />
      <RootComponent type="62" schemaName="cr1c1_AMPIHelpdesk" behavior="0" />
      <RootComponent type="80" schemaName="cr1c1_AMPIHelpdesk" behavior="0" />
      <RootComponent type="300" schemaName="cr1c1_projecthelper_18f5e" behavior="0" />
    </RootComponents>
    <MissingDependencies>
      <MissingDependency>
        <Required key="0" type="60" displayName="Account" parentDisplayName="Account" solution="msdynce_AppCommon (9.0.4.0066)" id="{8448b78f-8f42-454e-8e2a-f8196b0419af}" />
        <Dependent key="1" type="80" schemaName="cr1c1_AMPIHelpdesk" displayName="AMPI Help desk" />
      </MissingDependency>
      <MissingDependency>
        <Required key="2" type="60" displayName="account contact card" parentDisplayName="Contact" solution="msdynce_AppCommon (9.0.4.0066)" id="{29de27bc-a257-4f29-99cf-bab4a84e688f}" />
        <Dependent key="1" type="80" schemaName="cr1c1_AMPIHelpdesk" displayName="AMPI Help desk" />
      </MissingDependency>
      <MissingDependency>
        <Required key="3" type="61" schemaName="msdyn_/Images/AppModule_Default_Icon.png" displayName="msdyn_/Images/AppModule_Default_Icon.png" solution="AppModuleWebResources (2.5)" />
        <Dependent key="1" type="80" schemaName="cr1c1_AMPIHelpdesk" displayName="AMPI Help desk" />
      </MissingDependency>
      <MissingDependency>
        <Required key="4" type="66" schemaName="MscrmControls.Canvas.CanvasControl" displayName="MscrmControls.Canvas.CanvasControl" solution="BaseCustomControlsCore (9.0.2006.4014)" />
        <Dependent key="5" type="60" displayName="Information" parentDisplayName="Project" id="{967a771e-5bee-42e9-85de-017f739c4a2a}" />
      </MissingDependency>
      <MissingDependency>
        <Required key="4" type="66" schemaName="MscrmControls.Canvas.CanvasControl" displayName="MscrmControls.Canvas.CanvasControl" solution="BaseCustomControlsCore (9.0.2006.4014)" />
        <Dependent key="6" type="60" displayName="Information" parentDisplayName="Ticket" id="{0437d51d-71a0-4087-92dc-3da6b171617f}" />
      </MissingDependency>
    </MissingDependencies>
  </SolutionManifest>
</ImportExportXml>